A,0.5727161169052124,0.5001065731048584,-4.2245216036462807e-07,0.527090311050415,0.4809068441390991,-0.03517716005444527,0.4843718111515045,0.41829195618629456,-0.04712844267487526,0.4611856937408447,0.3496742844581604,-0.056787457317113876,0.460429847240448,0.29499131441116333,-0.05860468000173569,0.5006020665168762,0.33809053897857666,0.001114602549932897,0.5009331107139587,0.29815250635147095,-0.022494999691843987,0.5104403495788574,0.3583713471889496,-0.028398657217621803,0.511536717414856,0.3657647371292114,-0.02936636656522751,0.5330676436424255,0.32723793387413025,0.008805534802377224,0.5335181951522827,0.2935808300971985,-0.016760792583227158,0.5373397469520569,0.36764323711395264,-0.014867587015032768,0.5331865549087524,0.3581206202507019,-0.0061880238354206085,0.5667132139205933,0.32569122314453125,0.008167145773768425,0.5690199732780457,0.29077327251434326,-0.019928019493818283,0.5677430033683777,0.3559618592262268,-0.0064955707639455795,0.5645548701286316,0.35466524958610535,0.009894047863781452,0.5997701287269592,0.32801392674446106,0.0038684590253978968,0.6005317568778992,0.29701390862464905,-0.010643808171153069,0.5945270657539368,0.3428230583667755,-0.001591610023751855,0.5916711091995239,0.3507635295391083,0.009395541623234749
A,0.5323938727378845,0.5056744813919067,-4.149794676777674e-07,0.4850923418998718,0.4893525540828705,-0.034206073731184006,0.43744271993637085,0.43000301718711853,-0.04667212814092636,0.41103070974349976,0.36104413866996765,-0.057223644107580185,0.41136640310287476,0.30433398485183716,-0.060197263956069946,0.4531240463256836,0.3438245952129364,0.0017448544967919588,0.4468812346458435,0.3071567416191101,-0.02427407167851925,0.4589100182056427,0.3660721182823181,-0.032598257064819336,0.46438536047935486,0.37404125928878784,-0.03474016487598419,0.4868145287036896,0.3308110237121582,0.007982010953128338,0.4823335111141205,0.29980796575546265,-0.01884482614696026,0.4893026053905487,0.3735695481300354,-0.017433201894164085,0.4887811839580536,0.3651539385318756,-0.008549223653972149,0.5222540497779846,0.32737255096435547,0.005602018907666206,0.520723819732666,0.29710912704467773,-0.02406204119324684,0.5217288136482239,0.3631676435470581,-0.010874450206756592,0.5216760039329529,0.360227108001709,0.0062482040375471115,0.5585345029830933,0.3286481201648712,-0.00037441650056280196,0.5544787049293518,0.30180245637893677,-0.015819935128092766,0.550110936164856,0.34772202372550964,-0.006620303727686405,0.5500099062919617,0.35369840264320374,0.005061079282313585
A,0.49509182572364807,0.5104509592056274,-4.674012643590686e-07,0.4460185766220093,0.49448227882385254,-0.030709629878401756,0.39715445041656494,0.4328354001045227,-0.04129312187433243,0.3691214919090271,0.36515530943870544,-0.05085111781954765,0.36389240622520447,0.30913394689559937,-0.052917685359716415,0.41036760807037354,0.3475748598575592,0.0034827024210244417,0.4015401303768158,0.3083156943321228,-0.023023681715130806,0.4164629280567169,0.3697194457054138,-0.03167387843132019,0.4241288900375366,0.37909170985221863,-0.03391852602362633,0.444407194852829,0.33363890647888184,0.007828646339476109,0.43648046255111694,0.3010885715484619,-0.01946876384317875,0.4459306001663208,0.3760233223438263,-0.01777433231472969,0.4482817053794861,0.3684878647327423,-0.008619403466582298,0.4807801842689514,0.3295121192932129,0.0039116088300943375,0.47522833943367004,0.2969857454299927,-0.02540614828467369,0.47800496220588684,0.36507299542427063,-0.010188879445195198,0.480824738740921,0.36301636695861816,0.008274928666651249,0.5178947448730469,0.3306587338447571,-0.003475814824923873,0.510566771030426,0.30331793427467346,-0.018063802272081375,0.5064095258712769,0.3505080044269562,-0.0070044477470219135,0.5085982084274292,0.3565075993537903,0.006006381008774042
A,0.4952547550201416,0.5119077563285828,-4.580847416946199e-07,0.44645118713378906,0.49418017268180847,-0.032816655933856964,0.397571861743927,0.43195194005966187,-0.04398936405777931,0.36891600489616394,0.36400124430656433,-0.053963515907526016,0.36274489760398865,0.3074193596839905,-0.0563332661986351,0.4096149504184723,0.34896641969680786,0.004526149015873671,0.4013116955757141,0.30541926622390747,-0.021850157529115677,0.41464078426361084,0.3677251636981964,-0.030011802911758423,0.42195427417755127,0.3790219724178314,-0.031719010323286057,0.44377097487449646,0.33435893058776855,0.00975392572581768,0.4365972578525543,0.2994456887245178,-0.01802375167608261,0.44475290179252625,0.3751153349876404,-0.01669076457619667,0.44732069969177246,0.3690602481365204,-0.007374646607786417,0.4793379604816437,0.33013737201690674,0.006243435200303793,0.47524040937423706,0.29611626267433167,-0.023943016305565834,0.4764999449253082,0.36412936449050903,-0.009980129078030586,0.4783147871494293,0.3638019263744354,0.00789313018321991,0.5153363943099976,0.33054542541503906,-0.0008540820563212037,0.5090603232383728,0.3022432327270508,-0.015955504029989243,0.5040059089660645,0.3496372401714325,-0.005906545091420412,0.5052515268325806,0.3574230968952179,0.006411821581423283
A,0.4948155879974365,0.5125284194946289,-4.619349454060284e-07,0.44583860039711,0.4934828579425812,-0.03186012804508209,0.396690309047699,0.43120503425598145,-0.043014414608478546,0.36758190393447876,0.363176167011261,-0.053243815898895264,0.3615005910396576,0.30635496973991394,-0.0559474341571331,0.4104105532169342,0.3481135964393616,0.0054373531602323055,0.40111395716667175,0.3050701916217804,-0.02064730040729046,0.4144018888473511,0.36742255091667175,-0.028700590133666992,0.4222991466522217,0.378195196390152,-0.030479274690151215,0.44428226351737976,0.333454430103302,0.01007574051618576,0.43610402941703796,0.29934144020080566,-0.01744593307375908,0.4444362223148346,0.3749385476112366,-0.016025152057409286,0.4476768374443054,0.3688739538192749,-0.006774162407964468,0.47960665822029114,0.32945936918258667,0.006038562394678593,0.47477176785469055,0.29561370611190796,-0.023816518485546112,0.47602227330207825,0.36372631788253784,-0.009818023070693016,0.47825801372528076,0.36352601647377014,0.007907230406999588,0.5155935883522034,0.33024027943611145,-0.0015203539514914155,0.5089533925056458,0.3020753860473633,-0.0164373479783535,0.5036347508430481,0.34991732239723206,-0.006386937573552132,0.5048733949661255,0.35798341035842896,0.005820943508297205
A,0.4975087344646454,0.5107532739639282,-4.4836588131147437e-07,0.44716569781303406,0.4941759705543518,-0.034069932997226715,0.39717137813568115,0.43216848373413086,-0.046297818422317505,0.36791154742240906,0.36229878664016724,-0.05706418678164482,0.3616126775741577,0.304538369178772,-0.05985920503735542,0.40995293855667114,0.3465050756931305,0.0035184593871235847,0.4014659523963928,0.3039141297340393,-0.022889062762260437,0.41564154624938965,0.3674788475036621,-0.030067522078752518,0.42253538966178894,0.37680166959762573,-0.031090514734387398,0.44432511925697327,0.3323745131492615,0.009329898282885551,0.4364914298057556,0.29841670393943787,-0.018834883347153664,0.4457556903362274,0.3761747479438782,-0.016392439603805542,0.44773343205451965,0.36720624566078186,-0.005959576927125454,0.4798608422279358,0.32843372225761414,0.006254035048186779,0.47506314516067505,0.295870840549469,-0.02469656616449356,0.4774699807167053,0.3651900291442871,-0.010164585895836353,0.47950929403305054,0.3621125817298889,0.00839631725102663,0.515905499458313,0.3282717764377594,-0.0004239846603013575,0.5090797543525696,0.30272024869918823,-0.015786323696374893,0.5049827098846436,0.3503860831260681,-0.0056114462204277515,0.5069341063499451,0.355650931596756,0.00696995435282588
A,0.49841105937957764,0.5094305276870728,-4.561018727144983e-07,0.4481935203075409,0.4921426475048065,-0.03356774151325226,0.39785706996917725,0.4302562475204468,-0.04527531564235687,0.3679754137992859,0.3618617355823517,-0.05556363984942436,0.3622773289680481,0.30493950843811035,-0.05801444873213768,0.41023164987564087,0.346132755279541,0.0034371388610452414,0.4017713665962219,0.30416274070739746,-0.022723710164427757,0.41652172803878784,0.36737021803855896,-0.030183250084519386,0.4232466518878937,0.37548163533210754,-0.03170153126120567,0.44453704357147217,0.3319035768508911,0.008911775425076485,0.4371510446071625,0.2979050576686859,-0.01912519708275795,0.4464127719402313,0.37471118569374084,-0.01722971722483635,0.44782450795173645,0.3658680319786072,-0.007539116311818361,0.48028048872947693,0.3280673623085022,0.0056429761461913586,0.4764058291912079,0.29489755630493164,-0.02502003312110901,0.4784301221370697,0.36399900913238525,-0.010728529654443264,0.4795973002910614,0.36128783226013184,0.007366120349615812,0.5164534449577332,0.32837849855422974,-0.001198683981783688,0.5100296139717102,0.30265140533447266,-0.01650691218674183,0.5061118602752686,0.3499448895454407,-0.0064507052302360535,0.5079571008682251,0.35523098707199097,0.005847955588251352
A,0.49985238909721375,0.5095617771148682,-4.599317264819547e-07,0.4496195614337921,0.4928981065750122,-0.034184012562036514,0.3992807865142822,0.4298973083496094,-0.04565734788775444,0.3694690465927124,0.36113402247428894,-0.05546148121356964,0.3641118109226227,0.30448898673057556,-0.05719376355409622,0.4111684262752533,0.3456525504589081,0.0033540481235831976,0.4038805067539215,0.3035545349121094,-0.02247130498290062,0.4183272421360016,0.36684975028038025,-0.029326369985938072,0.4240186810493469,0.3737654983997345,-0.030394356697797775,0.4457515478134155,0.33174893260002136,0.009588472545146942,0.4390868544578552,0.29787230491638184,-0.017992744222283363,0.44795772433280945,0.3756749927997589,-0.015467582270503044,0.448396235704422,0.3645339608192444,-0.0052495854906737804,0.4816233515739441,0.3274531066417694,0.007021108642220497,0.47764086723327637,0.29412534832954407,-0.023487050086259842,0.47981399297714233,0.3643842339515686,-0.008682806976139545,0.4811158776283264,0.36058783531188965,0.009867802262306213,0.5177469253540039,0.32673394680023193,0.000839844869915396,0.5109543204307556,0.30097052454948425,-0.014318856410682201,0.5072595477104187,0.3491402566432953,-0.003939943388104439,0.5095006823539734,0.3541043996810913,0.008726030588150024
A,0.5011440515518188,0.5073009133338928,-4.6103869522085006e-07,0.4504151940345764,0.49191832542419434,-0.033778171986341476,0.40007483959198,0.43000391125679016,-0.04537130519747734,0.37113723158836365,0.36043739318847656,-0.05528296157717705,0.3663908541202545,0.3033895790576935,-0.057335950434207916,0.41441023349761963,0.34517166018486023,0.0018286756239831448,0.4053879380226135,0.30335187911987305,-0.023623231798410416,0.419444739818573,0.36603987216949463,-0.030070709064602852,0.4270772933959961,0.37387895584106445,-0.030922336503863335,0.4488047957420349,0.3315909802913666,0.007625113241374493,0.44102028012275696,0.29736101627349854,-0.019322272390127182,0.4495455324649811,0.3740933835506439,-0.016337323933839798,0.45208823680877686,0.3639363944530487,-0.006141285412013531,0.4842841327190399,0.32775887846946716,0.00481431046500802,0.47965022921562195,0.29394760727882385,-0.025412702932953835,0.48122504353523254,0.3633991479873657,-0.010345145128667355,0.4837486743927002,0.36009612679481506,0.008160234428942204,0.5205062031745911,0.32766976952552795,-0.001560266362503171,0.5133994221687317,0.29951420426368713,-0.01693040318787098,0.5089586973190308,0.3478691577911377,-0.0063530998304486275,0.5114122629165649,0.3541496694087982,0.006381162907928228
A,0.5032281279563904,0.5063755512237549,-4.5331603359954897e-07,0.45272955298423767,0.4897918105125427,-0.033901605755090714,0.4025491178035736,0.42782098054885864,-0.0454135462641716,0.3732803463935852,0.35872313380241394,-0.05515073239803314,0.3689340054988861,0.3017706573009491,-0.056962575763463974,0.41695234179496765,0.344113290309906,0.002014748752117157,0.40816447138786316,0.3027910888195038,-0.023241324350237846,0.4222199618816376,0.3646913766860962,-0.02970915473997593,0.42944392561912537,0.372677743434906,-0.030574476346373558,0.45116278529167175,0.33083584904670715,0.008031373843550682,0.44353601336479187,0.29649287462234497,-0.018630893900990486,0.45223289728164673,0.3722820580005646,-0.015671398490667343,0.4546148180961609,0.3624131381511688,-0.0055249882861971855,0.48665937781333923,0.32727429270744324,0.005433394107967615,0.48202505707740784,0.2937789857387543,-0.024571411311626434,0.4838341772556305,0.3621978461742401,-0.0097441915422678,0.48622268438339233,0.35888364911079407,0.008634490892291069,0.523155689239502,0.3275337517261505,-0.0007105380645953119,0.5161025524139404,0.2993709146976471,-0.015807706862688065,0.5116707682609558,0.34667322039604187,-0.005347746424376965,0.5138582587242126,0.3527989685535431,0.007272274699062109
A,0.5061464905738831,0.5044564008712769,-4.4036602275809855e-07,0.4551904499530792,0.48915693163871765,-0.03452817350625992,0.40524664521217346,0.42764371633529663,-0.046367377042770386,0.3763047456741333,0.35829076170921326,-0.05624028667807579,0.3715662360191345,0.30146661400794983,-0.05818989872932434,0.4191166162490845,0.34234341979026794,0.0016638661036267877,0.4113484025001526,0.30365896224975586,-0.023344283923506737,0.4249960482120514,0.36406564712524414,-0.029424281790852547,0.4316617548465729,0.3710419237613678,-0.03005298040807247,0.45351412892341614,0.32900238037109375,0.007995007559657097,0.4465330243110657,0.29662689566612244,-0.01852557063102722,0.4550893306732178,0.37211138010025024,-0.015289351344108582,0.4568767547607422,0.3603290617465973,-0.004894635174423456,0.4892234206199646,0.3253059685230255,0.005683665629476309,0.4851456582546234,0.29495424032211304,-0.024217313155531883,0.4868842661380768,0.36270871758461,-0.009151631034910679,0.4889800548553467,0.35726863145828247,0.009323475882411003,0.5255752205848694,0.3253529369831085,-0.0002497255045454949,0.5185354948043823,0.3004087209701538,-0.015245049260556698,0.5147465467453003,0.34727317094802856,-0.004675983916968107,0.5175817608833313,0.35111334919929504,0.007991480641067028
A,0.5075843930244446,0.5027691125869751,-4.304831406898302e-07,0.4572973847389221,0.4870572090148926,-0.03494482487440109,0.4078768789768219,0.42659205198287964,-0.04714240878820419,0.379382848739624,0.3580200970172882,-0.05716923624277115,0.3761923909187317,0.3013550043106079,-0.05926646664738655,0.42297303676605225,0.3415113389492035,0.0012401293497532606,0.4156859815120697,0.30402469635009766,-0.02378886006772518,0.4289149045944214,0.36340653896331787,-0.03024538978934288,0.434767484664917,0.37064674496650696,-0.03121892921626568,0.45704740285873413,0.32872623205184937,0.00766252214089036,0.45039716362953186,0.29619425535202026,-0.018818484619259834,0.45883604884147644,0.370109498500824,-0.016304966062307358,0.4598599076271057,0.3595409393310547,-0.0065578557550907135,0.49238818883895874,0.3255683481693268,0.005470016971230507,0.48874717950820923,0.2950260639190674,-0.024446804076433182,0.4905492663383484,0.36112064123153687,-0.010265318676829338,0.49155282974243164,0.3562999367713928,0.007541669066995382,0.5286608338356018,0.3263154923915863,-0.00031889911042526364,0.5222837328910828,0.3002084493637085,-0.015446457080543041,0.5185720324516296,0.3461369276046753,-0.0053487359546124935,0.520085871219635,0.3506395220756531,0.006915918085724115
A,0.5104881525039673,0.5023147463798523,-4.3449301756481873e-07,0.4610731303691864,0.48806729912757874,-0.03474481403827667,0.4114763140678406,0.42570650577545166,-0.0464312881231308,0.38283032178878784,0.3574485778808594,-0.0560394711792469,0.3799586296081543,0.3013949394226074,-0.05774968862533569,0.42572715878486633,0.3404017984867096,0.0020990187767893076,0.4195252060890198,0.3041840195655823,-0.022778846323490143,0.4325602054595947,0.36333024501800537,-0.029156148433685303,0.43817338347435,0.3694809377193451,-0.030210375785827637,0.4593755900859833,0.32742682099342346,0.00818907655775547,0.4540150761604309,0.2956750690937042,-0.018293609842658043,0.46219807863235474,0.37061846256256104,-0.015427571721374989,0.4629115164279938,0.3594284951686859,-0.005272191949188709,0.4946766495704651,0.3241530656814575,0.005562035366892815,0.49233633279800415,0.2952820956707001,-0.02450854890048504,0.49386757612228394,0.3624260127544403,-0.009991735219955444,0.4941929280757904,0.35756826400756836,0.008124392479658127,0.5311731100082397,0.3251591920852661,-0.0007291976362466812,0.5257017612457275,0.2993845045566559,-0.016382906585931778,0.5220575332641602,0.3460519015789032,-0.006286033894866705,0.5229862928390503,0.35114914178848267,0.006107339635491371
A,0.5245741009712219,0.5003018379211426,-4.813595069208532e-07,0.4778836667537689,0.48810872435569763,-0.033130817115306854,0.4283697307109833,0.4247399568557739,-0.043651726096868515,0.40111586451530457,0.3544481098651886,-0.05210107937455177,0.3984849750995636,0.29752764105796814,-0.052707213908433914,0.4401278793811798,0.33793920278549194,0.0022981269285082817,0.4385243058204651,0.29799771308898926,-0.0223622377961874,0.4509927034378052,0.3580321669578552,-0.029418276622891426,0.45367899537086487,0.3668260872364044,-0.03118145652115345,0.4742686450481415,0.32419031858444214,0.00797997321933508,0.473079651594162,0.2924385666847229,-0.0180444847792387,0.4807850420475006,0.36808106303215027,-0.016378961503505707,0.47847819328308105,0.3585283160209656,-0.007462113164365292,0.5093690752983093,0.32062679529190063,0.005400973372161388,0.5105111002922058,0.2908480167388916,-0.024455584585666656,0.5131617188453674,0.35917147994041443,-0.010663161985576153,0.5116861462593079,0.3558458387851715,0.006713580805808306,0.5454721450805664,0.3211680054664612,-0.0005894574569538236,0.5439665913581848,0.2967008054256439,-0.01673015207052231,0.5415515303611755,0.3453240692615509,-0.006769881583750248,0.5404980778694153,0.3508378267288208,0.005583542864769697
A,0.528834342956543,0.4989229738712311,-4.4407536847757e-07,0.48013946413993835,0.4837515354156494,-0.03571605682373047,0.43136027455329895,0.4207693934440613,-0.04740377888083458,0.4037129282951355,0.3524168133735657,-0.05650743469595909,0.40270477533340454,0.29617080092430115,-0.05747674033045769,0.44578588008880615,0.33633658289909363,0.0004926635883748531,0.44209396839141846,0.29852867126464844,-0.024255910888314247,0.4550620913505554,0.3589739203453064,-0.03074837662279606,0.45895540714263916,0.36514464020729065,-0.032107964158058167,0.48015087842941284,0.32389363646507263,0.0074289720505476,0.4771463871002197,0.2903483211994171,-0.019454598426818848,0.4848448932170868,0.36587509512901306,-0.0175185427069664,0.4834872782230377,0.3564091622829437,-0.00830808375030756,0.5155868530273438,0.3211589455604553,0.00579748535528779,0.5155348181724548,0.2900865375995636,-0.024455999955534935,0.5169548988342285,0.35769814252853394,-0.01059647835791111,0.5157887935638428,0.35432758927345276,0.006870838347822428,0.5519430637359619,0.3223395049571991,0.000553554913494736,0.5486224889755249,0.29452428221702576,-0.015062007121741772,0.5450125932693481,0.3415432870388031,-0.005212546791881323,0.5443478226661682,0.34767305850982666,0.0068012080155313015
A,0.5323904752731323,0.4969780147075653,-4.4011977706759353e-07,0.48360827565193176,0.48142072558403015,-0.03576178103685379,0.43506088852882385,0.41850489377975464,-0.04734475910663605,0.4078977406024933,0.35008612275123596,-0.056380145251750946,0.40730446577072144,0.29408687353134155,-0.05737806111574173,0.4498487710952759,0.3340701460838318,0.001239386503584683,0.44659939408302307,0.29783740639686584,-0.023156899958848953,0.4590890109539032,0.3579970896244049,-0.02962326817214489,0.4630715548992157,0.3644227683544159,-0.03102201037108898,0.4837999641895294,0.3211805820465088,0.008268658071756363,0.48110172152519226,0.29047691822052,-0.018113356083631516,0.4883195757865906,0.3649616241455078,-0.016138050705194473,0.48712098598480225,0.3552745282649994,-0.007066642865538597,0.5189481377601624,0.3183627724647522,0.006636736914515495,0.519121527671814,0.2899276316165924,-0.022962337359786034,0.5200470685958862,0.3564721345901489,-0.00938616506755352,0.5187930464744568,0.3528340756893158,0.0076143452897667885,0.5551124215126038,0.3196929693222046,0.0012977919541299343,0.5522795915603638,0.29447197914123535,-0.014036227948963642,0.5483028292655945,0.34118980169296265,-0.004695378243923187,0.5473316311836243,0.34684064984321594,0.00678211310878396
A,0.5345895290374756,0.4950615465641022,-4.256678209912934e-07,0.4868166446685791,0.4788189232349396,-0.03552505001425743,0.4391874074935913,0.4168103039264679,-0.04745064675807953,0.4125804305076599,0.34898802638053894,-0.05703470855951309,0.41186267137527466,0.29269087314605713,-0.05874323099851608,0.4537052810192108,0.33313944935798645,0.0020997466053813696,0.45082175731658936,0.296014666557312,-0.022769784554839134,0.46206215023994446,0.35474610328674316,-0.029820909723639488,0.465686559677124,0.362739622592926,-0.031377408653497696,0.48802176117897034,0.32075217366218567,0.008919731713831425,0.48543041944503784,0.28898221254348755,-0.0176443699747324,0.4916677176952362,0.36226749420166016,-0.016388416290283203,0.48992201685905457,0.35363030433654785,-0.007694849278777838,0.5231837034225464,0.31811395287513733,0.00703333830460906,0.5236600637435913,0.2892272472381592,-0.022807471454143524,0.5238819122314453,0.35455143451690674,-0.010061056353151798,0.5218005180358887,0.35155847668647766,0.006542606744915247,0.5592864155769348,0.3193991184234619,0.001495419885031879,0.5570002198219299,0.29274213314056396,-0.01418973971158266,0.5525856614112854,0.33865875005722046,-0.005294507369399071,0.5506880879402161,0.34496361017227173,0.005989845376461744
A,0.5378779768943787,0.4918212294578552,-4.246541323027486e-07,0.4899689257144928,0.474710613489151,-0.03484438732266426,0.442653089761734,0.4130541980266571,-0.04639026150107384,0.4165061116218567,0.345220685005188,-0.05561576411128044,0.41720014810562134,0.2893247604370117,-0.05701418220996857,0.4581328332424164,0.33092933893203735,0.002273665042594075,0.4556969106197357,0.2929226756095886,-0.02198013849556446,0.46667638421058655,0.3519470691680908,-0.028757698833942413,0.46993371844291687,0.3599281907081604,-0.03031834587454796,0.4925388693809509,0.31891515851020813,0.009026505053043365,0.4902096092700958,0.28662770986557007,-0.016997871920466423,0.4960462749004364,0.35970538854599,-0.015787767246365547,0.49400192499160767,0.35140663385391235,-0.007397386711090803,0.5276055932044983,0.3166995048522949,0.007256178185343742,0.5283369421958923,0.2868657410144806,-0.021930556744337082,0.5282623171806335,0.3519532084465027,-0.009168561547994614,0.526126503944397,0.34952405095100403,0.007194007746875286,0.5635342597961426,0.3184453248977661,0.0019260495901107788,0.5614402294158936,0.2906251549720764,-0.013205843977630138,0.5570629835128784,0.3363713026046753,-0.004061820916831493,0.5554827451705933,0.34310784935951233,0.007225009147077799
A,0.5413949489593506,0.48953261971473694,-4.2787240772668156e-07,0.49374625086784363,0.4726279079914093,-0.0345526747405529,0.44724780321121216,0.41048383712768555,-0.04595934599637985,0.4213746190071106,0.3424265682697296,-0.0551845021545887,0.42205122113227844,0.28701430559158325,-0.05664978176355362,0.46248331665992737,0.32908380031585693,0.0026907436549663544,0.46051421761512756,0.29070863127708435,-0.021722255274653435,0.4713413715362549,0.34944361448287964,-0.028547775000333786,0.4743095636367798,0.3576080799102783,-0.02997950091958046,0.49671128392219543,0.3174842894077301,0.009308568201959133,0.49485325813293457,0.2844145596027374,-0.016835631802678108,0.5003628730773926,0.35739949345588684,-0.015707407146692276,0.4978265166282654,0.3495122492313385,-0.007212106138467789,0.5316016674041748,0.31514617800712585,0.007397919427603483,0.5329508185386658,0.284952849149704,-0.02197011187672615,0.532427966594696,0.3500491976737976,-0.009470215998589993,0.5296065807342529,0.34801310300827026,0.006874640006572008,0.5674484968185425,0.3166792094707489,0.0019655099604278803,0.5662567019462585,0.2878693640232086,-0.013326233252882957,0.5615295171737671,0.3334943354129791,-0.00430682860314846,0.559234082698822,0.3408670425415039,0.006998999044299126
A,0.5458008050918579,0.48767930269241333,-4.3220015299993975e-07,0.49865227937698364,0.47179341316223145,-0.03493547812104225,0.4517432153224945,0.4087061882019043,-0.04643150791525841,0.42583149671554565,0.3401656448841095,-0.05560316890478134,0.4268883466720581,0.2846430540084839,-0.05693158507347107,0.4672057628631592,0.32632261514663696,0.002189717022702098,0.4656541347503662,0.2880476117134094,-0.02194582112133503,0.47608402371406555,0.3471570909023285,-0.028771115466952324,0.4787018299102783,0.35499387979507446,-0.03041215054690838,0.5010578632354736,0.314492791891098,0.009020652621984482,0.49991872906684875,0.2820172607898712,-0.016801152378320694,0.5048849582672119,0.35552895069122314,-0.015655597671866417,0.5017369389533997,0.34738990664482117,-0.007374567445367575,0.5356358289718628,0.3125149607658386,0.007351985201239586,0.5377168655395508,0.28157874941825867,-0.02150304988026619,0.536878228187561,0.3470172584056854,-0.008977171033620834,0.5337287187576294,0.3452487587928772,0.007053332403302193,0.571195125579834,0.31470251083374023,0.0020970122423022985,0.5708134174346924,0.28591209650039673,-0.013050050474703312,0.5659112930297852,0.3317154347896576,-0.0042795962654054165,0.5630344152450562,0.33917170763015747,0.006675805430859327
A,0.5486472249031067,0.4853712320327759,-4.248533400641463e-07,0.5018433928489685,0.4687526226043701,-0.034671932458877563,0.455711305141449,0.40656954050064087,-0.04656340181827545,0.43041810393333435,0.3382556736469269,-0.05624779686331749,0.43117091059684753,0.2827465236186981,-0.058203164488077164,0.47159093618392944,0.3239193558692932,0.0015230716671794653,0.46979546546936035,0.28580009937286377,-0.022958172485232353,0.48048487305641174,0.34428149461746216,-0.029846159741282463,0.48369699716567993,0.3527474105358124,-0.03136526793241501,0.5055221319198608,0.31254568696022034,0.0080952737480402,0.5041413307189941,0.27980533242225647,-0.01766953244805336,0.5092978477478027,0.3529934883117676,-0.016269445419311523,0.5064482688903809,0.3449637293815613,-0.007854376919567585,0.5402807593345642,0.3106515109539032,0.006227786187082529,0.5421456694602966,0.27884867787361145,-0.02261161431670189,0.5413079261779785,0.3441648781299591,-0.009643939323723316,0.5382238626480103,0.34270113706588745,0.006686285603791475,0.5756281614303589,0.313005656003952,0.0007875321316532791,0.5750020742416382,0.2834898829460144,-0.014358697459101677,0.5704036951065063,0.3289886713027954,-0.005235896911472082,0.5681454539299011,0.3362942039966583,0.005994422361254692
A,0.5523485541343689,0.4839416444301605,-4.2697695334936725e-07,0.5048906803131104,0.46679794788360596,-0.03510840982198715,0.4594348669052124,0.40314826369285583,-0.046589091420173645,0.43489405512809753,0.33423465490341187,-0.05553596094250679,0.4354773759841919,0.2793418765068054,-0.05656334385275841,0.4752601385116577,0.32192927598953247,0.0008207819773815572,0.4751887023448944,0.2839464247226715,-0.022125696763396263,0.485604852437973,0.34353727102279663,-0.027312880381941795,0.4874362051486969,0.35134854912757874,-0.027886146679520607,0.5094853043556213,0.31076112389564514,0.008140514604747295,0.5095793604850769,0.2780216336250305,-0.016971664503216743,0.5141873359680176,0.3526318073272705,-0.014947153627872467,0.5102055072784424,0.3443363904953003,-0.006184758618474007,0.5442601442337036,0.3088509440422058,0.007221963722258806,0.5474356412887573,0.2767729163169861,-0.02099037729203701,0.5464411377906799,0.3431362807750702,-0.007694733329117298,0.5427976250648499,0.34221169352531433,0.008674385957419872,0.5792593955993652,0.3107500672340393,0.00274086301214993,0.580028772354126,0.2812338173389435,-0.01207386702299118,0.5753677487373352,0.3276296555995941,-0.0028883644845336676,0.5727053284645081,0.33524230122566223,0.00829915702342987
A,0.5550781488418579,0.4844319224357605,-4.244990066126775e-07,0.5091655254364014,0.4659688472747803,-0.03521231934428215,0.4640607535839081,0.4016088545322418,-0.04681270197033882,0.4390524923801422,0.33357587456703186,-0.055817194283008575,0.4400550127029419,0.27890926599502563,-0.05681757628917694,0.47990185022354126,0.31897494196891785,0.001478830585256219,0.4802830219268799,0.28253769874572754,-0.021592559292912483,0.4898170828819275,0.3417266607284546,-0.02719365991652012,0.4913460612297058,0.34872105717658997,-0.02809642069041729,0.5137693881988525,0.30765658617019653,0.008738902397453785,0.5141331553459167,0.2760355472564697,-0.016411133110523224,0.5180225968360901,0.35049256682395935,-0.014438331127166748,0.513900637626648,0.3414875268936157,-0.005620694253593683,0.5484055876731873,0.30611059069633484,0.007647652179002762,0.5519595742225647,0.2757716178894043,-0.020274469628930092,0.5505208373069763,0.3411206603050232,-0.007002182770520449,0.547048807144165,0.3389929533004761,0.009283873252570629,0.5831832885742188,0.30886024236679077,0.0028941140044480562,0.5841177701950073,0.2809215784072876,-0.011625200510025024,0.5794212222099304,0.3265838027000427,-0.002524846699088812,0.5772038102149963,0.3331765830516815,0.008564794436097145
A,0.5578340888023376,0.48330721259117126,-4.1046510546038917e-07,0.5128216743469238,0.4639938473701477,-0.03565957397222519,0.4686007499694824,0.40092942118644714,-0.048233892768621445,0.4437820315361023,0.33323055505752563,-0.05819426104426384,0.44450321793556213,0.27817365527153015,-0.0601927824318409,0.48350274562835693,0.317323237657547,-0.0004638291720766574,0.4843471050262451,0.28138309717178345,-0.02436329424381256,0.4936040937900543,0.33953049778938293,-0.030540743842720985,0.49534258246421814,0.3476126790046692,-0.03163757547736168,0.5175336003303528,0.3063023090362549,0.0069685340858995914,0.5182881951332092,0.27475130558013916,-0.01854982040822506,0.5215631127357483,0.34835922718048096,-0.016936352476477623,0.5172953009605408,0.33960098028182983,-0.008462944068014622,0.5525175929069519,0.30514657497406006,0.006164642050862312,0.556633472442627,0.27392512559890747,-0.022021286189556122,0.5543772578239441,0.33848464488983154,-0.008855477906763554,0.5504570603370667,0.3372536301612854,0.007391692139208317,0.5870018005371094,0.30856752395629883,0.001723221386782825,0.5886029005050659,0.2789783179759979,-0.01292886957526207,0.5830914378166199,0.3238605260848999,-0.0037054645363241434,0.5802974104881287,0.3312894403934479,0.007539708167314529
A,0.5709839463233948,0.47559890151023865,-4.164144229434896e-07,0.5249969959259033,0.4576530456542969,-0.03439485654234886,0.48005837202072144,0.39634695649147034,-0.046553730964660645,0.45743876695632935,0.3253001868724823,-0.05632331594824791,0.4633655548095703,0.2692490518093109,-0.05807217210531235,0.4980391263961792,0.3121242821216583,0.001425831695087254,0.500149130821228,0.2734251320362091,-0.022286515682935715,0.5091368556022644,0.33134815096855164,-0.028937626630067825,0.508849024772644,0.3394176959991455,-0.030448028817772865,0.5314263701438904,0.3018379807472229,0.008932213298976421,0.5332722663879395,0.2695177495479584,-0.015867242589592934,0.5365878343582153,0.34197142720222473,-0.014838680624961853,0.531093418598175,0.33253923058509827,-0.006996572483330965,0.5650139451026917,0.3004647195339203,0.008358582854270935,0.5694643259048462,0.26588761806488037,-0.019085507839918137,0.5678361654281616,0.3307759761810303,-0.006420413963496685,0.5636652708053589,0.3295394480228424,0.009371059015393257,0.5988551378250122,0.30345097184181213,0.004308531526476145,0.6016747355461121,0.2733086049556732,-0.009780729189515114,0.5964451432228088,0.31871509552001953,-0.0008205705089494586,0.5926529169082642,0.32564765214920044,0.010218970477581024
A,0.5715559720993042,0.4763137698173523,-4.0774585841063526e-07,0.525530993938446,0.4552770256996155,-0.0352778285741806,0.48324859142303467,0.3917206823825836,-0.04717453569173813,0.460698664188385,0.32240933179855347,-0.05671899765729904,0.4630025327205658,0.26789411902427673,-0.05831051617860794,0.5009762048721313,0.3101348876953125,0.00244804285466671,0.502524733543396,0.2726201117038727,-0.019916409626603127,0.5106704235076904,0.33068037033081055,-0.024973461404442787,0.5107914805412292,0.3386114537715912,-0.025335920974612236,0.5341662168502808,0.30017971992492676,0.010391300544142723,0.5359354019165039,0.2671109139919281,-0.014051469042897224,0.5381983518600464,0.3404782712459564,-0.012362471781671047,0.5320096611976624,0.33220675587654114,-0.003910418134182692,0.5679010152816772,0.29910600185394287,0.010045284405350685,0.5727706551551819,0.26562899351119995,-0.017747506499290466,0.5701157450675964,0.3304441273212433,-0.00554535211995244,0.564612865447998,0.331130713224411,0.010104797780513763,0.6014271378517151,0.30187875032424927,0.006125561892986298,0.6046069264411926,0.2691632807254791,-0.008744539692997932,0.5985273718833923,0.3142617642879486,-0.0005135390092618763,0.5935748815536499,0.3242954611778259,0.01009533554315567
A,0.5739065408706665,0.4759599566459656,-4.0048635696621204e-07,0.5279805660247803,0.4539501368999481,-0.03608088195323944,0.486557275056839,0.3905189335346222,-0.04844556376338005,0.46471133828163147,0.3212554156780243,-0.058177221566438675,0.46590879559516907,0.26640334725379944,-0.05990501493215561,0.503940224647522,0.30916857719421387,0.0003174976445734501,0.5055608749389648,0.2712421715259552,-0.021583670750260353,0.5137897729873657,0.32973241806030273,-0.026136375963687897,0.5146824717521667,0.336526095867157,-0.026416266337037086,0.5371723771095276,0.2995034456253052,0.00885073747485876,0.5388781428337097,0.2663625180721283,-0.015220261178910732,0.5410047173500061,0.3398902416229248,-0.01299736462533474,0.5358900427818298,0.32953253388404846,-0.004456468857824802,0.5709914565086365,0.2988109588623047,0.009228439070284367,0.5756046772003174,0.26466941833496094,-0.017964260652661324,0.572637677192688,0.32912230491638184,-0.00501807127147913,0.5681442022323608,0.32795220613479614,0.01080659031867981,0.6045071482658386,0.301707923412323,0.005948530975729227,0.6071943640708923,0.26769518852233887,-0.008374271914362907,0.600475549697876,0.3126349151134491,0.00039403268601745367,0.596284031867981,0.32221150398254395,0.011142673902213573
A,0.5762869715690613,0.4751198887825012,-3.9810589669286855e-07,0.530795156955719,0.4521574079990387,-0.0365619920194149,0.4893758296966553,0.3895847499370575,-0.049268174916505814,0.46784672141075134,0.3204314708709717,-0.059227172285318375,0.4691072702407837,0.2652415633201599,-0.06118295341730118,0.5067398548126221,0.3073574900627136,-0.00015801182598806918,0.5089933276176453,0.26962247490882874,-0.02250366099178791,0.5167843103408813,0.3279002606868744,-0.0275577325373888,0.5169505476951599,0.3357642590999603,-0.028126180171966553,0.539613664150238,0.2976602017879486,0.008366570807993412,0.5421555638313293,0.2652718722820282,-0.016091903671622276,0.5440002083778381,0.33811330795288086,-0.014523145742714405,0.5381076335906982,0.3287675678730011,-0.006510247476398945,0.5732797384262085,0.29684576392173767,0.00867866538465023,0.5788904428482056,0.26343461871147156,-0.019069872796535492,0.575759768486023,0.32715606689453125,-0.006859959103167057,0.5701568722724915,0.32683753967285156,0.008483270183205605,0.6066543459892273,0.299811989068985,0.005319126881659031,0.6101601123809814,0.26643896102905273,-0.009799767285585403,0.6033862233161926,0.31126877665519714,-0.0016317780828103423,0.5980733036994934,0.32125288248062134,0.008774136193096638
A,0.5789531469345093,0.4741731882095337,-3.921818176877423e-07,0.5337462425231934,0.45063772797584534,-0.03704509139060974,0.49197813868522644,0.3888545632362366,-0.050279583781957626,0.47009971737861633,0.31969040632247925,-0.06073083356022835,0.47146692872047424,0.26388588547706604,-0.06323202699422836,0.5091042518615723,0.3053325414657593,0.00019021090702153742,0.511316180229187,0.26902174949645996,-0.022882403805851936,0.5197184085845947,0.3274121880531311,-0.0287157129496336,0.5202332735061646,0.33415573835372925,-0.02971954457461834,0.5420780181884766,0.29585176706314087,0.008961910381913185,0.5444819927215576,0.2650757431983948,-0.015992889180779457,0.5469844341278076,0.3381384015083313,-0.014709224924445152,0.541557252407074,0.32766789197921753,-0.006679866462945938,0.5759196877479553,0.29509738087654114,0.00937405414879322,0.5808005332946777,0.26321539282798767,-0.018740905448794365,0.5785691142082214,0.3269186317920685,-0.00637389998883009,0.5739312171936035,0.3254703879356384,0.009268773719668388,0.60918790102005,0.2982511818408966,0.006068630609661341,0.6118772029876709,0.2664755582809448,-0.00897795520722866,0.6058619618415833,0.3118411600589752,-0.0004009865806438029,0.6018297672271729,0.32097020745277405,0.0104235103353858
A,0.5796696543693542,0.4743315875530243,-3.9333008317044005e-07,0.5351176857948303,0.45009246468544006,-0.03714422509074211,0.49392077326774597,0.38761213421821594,-0.05019308254122734,0.472256600856781,0.317971795797348,-0.06045268848538399,0.4738784432411194,0.2623114287853241,-0.06276259571313858,0.51114422082901,0.30552515387535095,0.00017597958503756672,0.5136321187019348,0.26841726899147034,-0.02247431129217148,0.5220211148262024,0.3265649676322937,-0.027850287035107613,0.5223996639251709,0.33434203267097473,-0.02847718447446823,0.5441026091575623,0.2960945963859558,0.009090353734791279,0.5466604828834534,0.2652265429496765,-0.015336628071963787,0.5490217804908752,0.33745303750038147,-0.013949914835393429,0.5433617830276489,0.32776811718940735,-0.0060297041200101376,0.5777557492256165,0.29534846544265747,0.009674547240138054,0.5828620195388794,0.2627307176589966,-0.01826871745288372,0.5805105566978455,0.32589805126190186,-0.006196356378495693,0.5754939913749695,0.32576659321784973,0.009187979623675346,0.6106244325637817,0.2986181974411011,0.006560740526765585,0.6140031218528748,0.2654058337211609,-0.008706565946340561,0.6078405976295471,0.31013578176498413,-0.00045377531205303967,0.6029252409934998,0.3206302225589752,0.010168710723519325
A,0.5804649591445923,0.4748479127883911,-3.828714909559494e-07,0.5357969999313354,0.4494071900844574,-0.037519071251153946,0.49542656540870667,0.38769569993019104,-0.05110342428088188,0.4743553698062897,0.31817519664764404,-0.06183237582445145,0.4752243161201477,0.26244884729385376,-0.06451932340860367,0.5131524801254272,0.30296677350997925,0.0008912262856028974,0.5163633227348328,0.268278032541275,-0.021646758541464806,0.5237166285514832,0.3267844021320343,-0.027153704315423965,0.5235058069229126,0.3330853581428528,-0.027935389429330826,0.5460216999053955,0.2937867045402527,0.010047939606010914,0.5491481423377991,0.2642631530761719,-0.014444153755903244,0.5505918860435486,0.3372178077697754,-0.013031953945755959,0.5449771881103516,0.3254503011703491,-0.004894284065812826,0.5795754194259644,0.2938399910926819,0.010796005837619305,0.5851277709007263,0.2625555396080017,-0.01692281849682331,0.582349956035614,0.32553720474243164,-0.004598401021212339,0.5781054496765137,0.3238087594509125,0.01099942997097969,0.6122043132781982,0.29803645610809326,0.007765044923871756,0.616005003452301,0.26601752638816833,-0.0070284162648022175,0.6093134880065918,0.31088322401046753,0.0015122414333745837,0.6052486300468445,0.32052674889564514,0.012360693886876106
A,0.5816784501075745,0.47265467047691345,-3.85705817507187e-07,0.5375511050224304,0.44814926385879517,-0.037655409425497055,0.4967179298400879,0.3869031071662903,-0.05164603143930435,0.47591331601142883,0.31755924224853516,-0.06281466782093048,0.47738102078437805,0.26222869753837585,-0.06587235629558563,0.5137308239936829,0.301695853471756,-0.00019468556274659932,0.5177919864654541,0.26763916015625,-0.023787634447216988,0.5248672366142273,0.32659387588500977,-0.029614876955747604,0.5237523913383484,0.33259865641593933,-0.030397815629839897,0.5465375185012817,0.2931920289993286,0.008809538558125496,0.5506708025932312,0.2636893391609192,-0.016872365027666092,0.5516585111618042,0.33754709362983704,-0.015660304576158524,0.5449796915054321,0.3257550299167633,-0.007330041378736496,0.5804065465927124,0.29359909892082214,0.009397195652127266,0.5864518284797668,0.26203471422195435,-0.01937401480972767,0.5834174156188965,0.32601144909858704,-0.007050340995192528,0.5782443881034851,0.32457903027534485,0.008915871381759644,0.6130581498146057,0.29776716232299805,0.006235873326659203,0.6169174909591675,0.2665456533432007,-0.009154729545116425,0.6102259159088135,0.3116208612918854,-0.0007206440204754472,0.6058126091957092,0.3207142949104309,0.010252945125102997
A,0.5805851221084595,0.4731992185115814,-3.9984161048778333e-07,0.5371733903884888,0.447903037071228,-0.03633255138993263,0.49696213006973267,0.38580015301704407,-0.049369800835847855,0.47644180059432983,0.31602469086647034,-0.05986684933304787,0.4776623547077179,0.26112979650497437,-0.06232106313109398,0.5150240063667297,0.30442410707473755,0.0006132875569164753,0.5189757347106934,0.26588743925094604,-0.022020621225237846,0.5264137983322144,0.3259565234184265,-0.027111787348985672,0.5252724885940552,0.33421704173088074,-0.02755681797862053,0.5476134419441223,0.29512786865234375,0.008874673396348953,0.552289605140686,0.2620808482170105,-0.01563115045428276,0.5532575845718384,0.33618322014808655,-0.013824421912431717,0.5464398860931396,0.3276546895503998,-0.005563510116189718,0.5809454917907715,0.29514753818511963,0.008845082484185696,0.5884303450584412,0.2599497437477112,-0.018760303035378456,0.5853981971740723,0.32425445318222046,-0.0059920307248830795,0.5797659754753113,0.3260822296142578,0.009801703505218029,0.6131408214569092,0.29997777938842773,0.0051301927305758,0.6188231706619263,0.2657450735569,-0.009706278331577778,0.6122820377349854,0.31040534377098083,-0.0010888115502893925,0.606724202632904,0.3216075301170349,0.009706108830869198
A,0.5570016503334045,0.5109267234802246,-3.854989074625337e-07,0.5125927329063416,0.49382543563842773,-0.03677837923169136,0.46922817826271057,0.43547242879867554,-0.04984278604388237,0.44550830125808716,0.3692305088043213,-0.05984311178326607,0.44529685378074646,0.3156917691230774,-0.061899565160274506,0.4839569926261902,0.352735698223114,-0.001329487538896501,0.4851008951663971,0.3171599209308624,-0.024776743724942207,0.49507778882980347,0.3761132061481476,-0.03064609132707119,0.495729923248291,0.381929486989975,-0.03172482177615166,0.5163872241973877,0.34133756160736084,0.007295692805200815,0.5170972943305969,0.3110877275466919,-0.017945190891623497,0.5218833684921265,0.3834240734577179,-0.016135171055793762,0.518149733543396,0.3724968731403351,-0.007619864773005247,0.5499467253684998,0.3393710255622864,0.007627712097018957,0.5526682734489441,0.30904698371887207,-0.020328635349869728,0.552640438079834,0.3731323182582855,-0.00730740325525403,0.5504236817359924,0.37042000889778137,0.008751505985856056,0.5829069018363953,0.34128451347351074,0.0042475308291614056,0.5831018090248108,0.3142045736312866,-0.010447116568684578,0.5787822008132935,0.3596961498260498,-0.0018746521091088653,0.5775644779205322,0.3658458888530731,0.008796700276434422
A,0.5560203790664673,0.5020675659179688,-3.946867366266815e-07,0.5108329653739929,0.4871387481689453,-0.036467403173446655,0.46743836998939514,0.4283994436264038,-0.048960257321596146,0.444193035364151,0.3620308041572571,-0.058425433933734894,0.44259482622146606,0.30908796191215515,-0.06005677953362465,0.4817366600036621,0.34568196535110474,-0.0009145847288891673,0.4838906526565552,0.3101193308830261,-0.024696793407201767,0.49311771988868713,0.3688806891441345,-0.030730415135622025,0.49262022972106934,0.37458744645118713,-0.031757429242134094,0.513849139213562,0.3345133662223816,0.007628367282450199,0.5152214765548706,0.30337369441986084,-0.018362870439887047,0.5193959474563599,0.37617790699005127,-0.017036354169249535,0.5145108103752136,0.36520516872406006,-0.008590730838477612,0.5469303727149963,0.33172890543937683,0.00789546873420477,0.5499509572982788,0.300718754529953,-0.02045598439872265,0.5494408011436462,0.36523541808128357,-0.007760707288980484,0.5464462041854858,0.3623453974723816,0.008238265290856361,0.5795937776565552,0.3323894143104553,0.004476014990359545,0.580060601234436,0.30537864565849304,-0.010419837199151516,0.5757152438163757,0.35121864080429077,-0.0020110984332859516,0.5741366147994995,0.35734233260154724,0.008652687072753906
A,0.5563421845436096,0.5002515316009521,-4.0547260482526326e-07,0.5109522938728333,0.48716673254966736,-0.036647479981184006,0.46725624799728394,0.4281081259250641,-0.049260422587394714,0.4440710246562958,0.3609645366668701,-0.05872589722275734,0.4422183334827423,0.30824974179267883,-0.06027083471417427,0.4812837541103363,0.3452150821685791,-0.0024522235617041588,0.4839881658554077,0.3093264400959015,-0.025881534442305565,0.49333059787750244,0.36902904510498047,-0.031132444739341736,0.49269622564315796,0.3740765452384949,-0.03177975118160248,0.5138000249862671,0.33406227827072144,0.005961706396192312,0.5154752135276794,0.30243775248527527,-0.019977906718850136,0.5194200277328491,0.3762328624725342,-0.01800033636391163,0.5144104957580566,0.3648880422115326,-0.00915093906223774,0.5469396114349365,0.3312886655330658,0.006227040197700262,0.5499050617218018,0.2994191646575928,-0.022096965461969376,0.5494369268417358,0.36514413356781006,-0.008591623976826668,0.5465308427810669,0.36241069436073303,0.00782824121415615,0.5793952345848083,0.3321381211280823,0.002789480611681938,0.5802959203720093,0.30482807755470276,-0.012212727218866348,0.576120138168335,0.3512510359287262,-0.003407237818464637,0.5745103359222412,0.35743746161460876,0.007497412618249655
A,0.5554077625274658,0.5004410743713379,-4.0559459080213855e-07,0.5105738043785095,0.4863152503967285,-0.03608508035540581,0.46727320551872253,0.42695167660713196,-0.04853997379541397,0.4441126585006714,0.36116823554039,-0.058067694306373596,0.4423255920410156,0.30889326333999634,-0.059739213436841965,0.480732262134552,0.34374308586120605,-0.0012838031398132443,0.4834348261356354,0.3097272515296936,-0.02469673380255699,0.4928009808063507,0.3685093820095062,-0.030202239751815796,0.49215030670166016,0.37390047311782837,-0.0308950524777174,0.5132394433021545,0.332450270652771,0.006887827999889851,0.5150574445724487,0.30297377705574036,-0.018806081265211105,0.5191319584846497,0.37668657302856445,-0.01689952425658703,0.5136996507644653,0.36501243710517883,-0.008002077229321003,0.5467349886894226,0.3298605680465698,0.00689692934975028,0.5500277280807495,0.3001399040222168,-0.021198052912950516,0.5493154525756836,0.36516401171684265,-0.0079013267531991,0.5457185506820679,0.3618662357330322,0.008451084606349468,0.5792539715766907,0.3309294581413269,0.003214812371879816,0.5802303552627563,0.30496716499328613,-0.011637241579592228,0.5757775902748108,0.3506618142127991,-0.0029174864757806063,0.5738478302955627,0.3563733994960785,0.00800066813826561
A,0.5548644065856934,0.5024580955505371,-4.041426961975958e-07,0.509906530380249,0.48727577924728394,-0.03577123582363129,0.46659359335899353,0.4267640709877014,-0.04781905189156532,0.443572461605072,0.36088669300079346,-0.0569712333381176,0.4420839548110962,0.30858391523361206,-0.05819069221615791,0.48051679134368896,0.3441431522369385,-0.0005959983682259917,0.4830397069454193,0.30944564938545227,-0.023643845692276955,0.49259623885154724,0.368521511554718,-0.029067175462841988,0.4918033182621002,0.3742126226425171,-0.029778657481074333,0.5127604007720947,0.3329605460166931,0.007606010418385267,0.5147395730018616,0.3028316795825958,-0.017731597647070885,0.5189111828804016,0.3757990002632141,-0.015998344868421555,0.5134516358375549,0.36473849415779114,-0.0073477523401379585,0.54643714427948,0.3306918442249298,0.0076856715604662895,0.549718976020813,0.3003702759742737,-0.019838031381368637,0.5493848919868469,0.36453282833099365,-0.006610067095607519,0.5457817316055298,0.3617652654647827,0.009535850957036018,0.5790774822235107,0.3319632411003113,0.004074815660715103,0.5799657702445984,0.30567723512649536,-0.010220981203019619,0.5756608247756958,0.3509700298309326,-0.0014254323905333877,0.5736492276191711,0.3567532002925873,0.009399809874594212
A,0.5552730560302734,0.502285361289978,-3.971349542553071e-07,0.5103371739387512,0.48665091395378113,-0.03711825981736183,0.4670996367931366,0.4277774691581726,-0.05019940808415413,0.44370388984680176,0.3616843521595001,-0.060224078595638275,0.44203275442123413,0.30880963802337646,-0.06227341294288635,0.4809323847293854,0.34363678097724915,-0.0016579512739554048,0.4833083748817444,0.3101162612438202,-0.025566624477505684,0.49233224987983704,0.36870548129081726,-0.031236940994858742,0.4920123219490051,0.37417691946029663,-0.03186142444610596,0.5134960412979126,0.3325953781604767,0.007142066955566406,0.515056848526001,0.3037121593952179,-0.018887700513005257,0.5188556909561157,0.3772886395454407,-0.016876135021448135,0.5140042901039124,0.3653985261917114,-0.0078090182505548,0.5469738245010376,0.33036190271377563,0.007596765644848347,0.5498228073120117,0.3006048798561096,-0.020889991894364357,0.5487823486328125,0.3653576672077179,-0.007597748190164566,0.5458427667617798,0.3623175621032715,0.008960935287177563,0.5793420672416687,0.33183255791664124,0.004286498762667179,0.5800178647041321,0.30586299300193787,-0.010539853014051914,0.5752351880073547,0.35122549533843994,-0.001805561943911016,0.5736132264137268,0.3568471670150757,0.009218145161867142
A,0.5552298426628113,0.5025402307510376,-4.0554868974140845e-07,0.5102657079696655,0.4876130223274231,-0.03616061061620712,0.4669798016548157,0.428009033203125,-0.048672400414943695,0.4437396824359894,0.3617231547832489,-0.0583076998591423,0.44220536947250366,0.3092866837978363,-0.060111626982688904,0.4811805188655853,0.3450404405593872,-0.001219556201249361,0.4837985634803772,0.3107418119907379,-0.024734869599342346,0.492829829454422,0.3692752420902252,-0.03034283220767975,0.49192553758621216,0.37439408898353577,-0.031203141435980797,0.5134547352790833,0.3339644968509674,0.006887746509164572,0.5150939226150513,0.3038486838340759,-0.018987249583005905,0.519151508808136,0.37723660469055176,-0.017206737771630287,0.513616681098938,0.3660660982131958,-0.0085232462733984,0.5468147993087769,0.33142438530921936,0.006805618293583393,0.5497562885284424,0.3004544973373413,-0.021478848531842232,0.5493501424789429,0.3652836084365845,-0.008030354045331478,0.5457227230072021,0.36301612854003906,0.008375825360417366,0.5793688297271729,0.3328688144683838,0.0030194527935236692,0.5801020264625549,0.3052845895290375,-0.011955049820244312,0.5760415196418762,0.3510577976703644,-0.0030722469091415405,0.5740347504615784,0.35752514004707336,0.00791139341890812
A,0.555063009262085,0.5034509301185608,-3.954975511533121e-07,0.5099626183509827,0.48808905482292175,-0.03651834651827812,0.4663626551628113,0.4286685883998871,-0.04918680340051651,0.44333988428115845,0.36237046122550964,-0.05899433791637421,0.44210633635520935,0.3096808195114136,-0.0609649159014225,0.480365514755249,0.3447359800338745,-0.00013237877283245325,0.4830360412597656,0.3110055923461914,-0.024181310087442398,0.49185365438461304,0.3694710433483124,-0.03040985018014908,0.4910653233528137,0.37494051456451416,-0.0313769094645977,0.5126919746398926,0.3340021073818207,0.008280687034130096,0.5150880217552185,0.30433499813079834,-0.017811521887779236,0.5187115669250488,0.37784257531166077,-0.016290001571178436,0.5132715702056885,0.3666435182094574,-0.0074234879575669765,0.5462566018104553,0.33181288838386536,0.00829639658331871,0.5500620007514954,0.3023115396499634,-0.020321926102042198,0.5490756630897522,0.367056280374527,-0.007522639352828264,0.5455471277236938,0.36422407627105713,0.008845782838761806,0.5790055394172668,0.33315926790237427,0.004599302541464567,0.5801432728767395,0.30687135457992554,-0.010331428609788418,0.5755360722541809,0.3524514436721802,-0.0017186618642881513,0.5735257863998413,0.35835498571395874,0.009300170466303825
A,0.5547770857810974,0.5037810206413269,-4.060949265749514e-07,0.5102466940879822,0.488325834274292,-0.036400433629751205,0.4667665362358093,0.42873555421829224,-0.048892293125391006,0.44344794750213623,0.36244848370552063,-0.05842073634266853,0.44173669815063477,0.3100503087043762,-0.05997546762228012,0.4811277389526367,0.34500616788864136,-0.0007880587945692241,0.48333635926246643,0.3112531900405884,-0.02451840043067932,0.49216869473457336,0.3706253468990326,-0.030271358788013458,0.4918472170829773,0.37522467970848083,-0.031065640971064568,0.5135695338249207,0.3339131772518158,0.007549696136265993,0.5146926045417786,0.3041727840900421,-0.018418822437524796,0.5182636380195618,0.37841832637786865,-0.01622907817363739,0.5140127539634705,0.3667522966861725,-0.006979057099670172,0.5469448566436768,0.3315824568271637,0.0075357952155172825,0.5496503114700317,0.30122077465057373,-0.020687472075223923,0.5487191677093506,0.36634278297424316,-0.007093967404216528,0.5465854406356812,0.3632734715938568,0.009635210037231445,0.5794968008995056,0.3331155478954315,0.0037586945109069347,0.580111026763916,0.3070277273654938,-0.010798284783959389,0.5751595497131348,0.3526485860347748,-0.0019001128384843469,0.5738016366958618,0.358273446559906,0.009194672107696533
A,0.5549956560134888,0.5034224987030029,-4.029862452625821e-07,0.5098985433578491,0.4890839457511902,-0.036680132150650024,0.4668125808238983,0.4298851490020752,-0.04956880956888199,0.4438890218734741,0.36332839727401733,-0.059440262615680695,0.4419096112251282,0.3107345700263977,-0.06147266551852226,0.4805556833744049,0.3466281294822693,-0.002623876789584756,0.4831007719039917,0.311217725276947,-0.02647973969578743,0.492282509803772,0.36975353956222534,-0.03196026384830475,0.4913060665130615,0.375975638628006,-0.0325363464653492,0.5129241943359375,0.3358779847621918,0.005659481976181269,0.5149974822998047,0.30505162477493286,-0.0205292496830225,0.5188900828361511,0.378510445356369,-0.018766870722174644,0.5128030776977539,0.3677626848220825,-0.009957985952496529,0.5462874174118042,0.333065390586853,0.005770520772784948,0.5499367713928223,0.302612841129303,-0.022798169404268265,0.549187421798706,0.3672862648963928,-0.009669598191976547,0.5449234247207642,0.36468517780303955,0.00662209652364254,0.5787200331687927,0.33400797843933105,0.002185147488489747,0.5800379514694214,0.30743277072906494,-0.012985359877347946,0.5759173631668091,0.35288211703300476,-0.00430639972910285,0.5734893679618835,0.3590349853038788,0.006610150448977947
A,0.5546558499336243,0.5035552978515625,-4.109711255750881e-07,0.5098683834075928,0.48947834968566895,-0.03673475980758667,0.46626949310302734,0.42924225330352783,-0.04937048628926277,0.443198561668396,0.3626668155193329,-0.058955930173397064,0.4414525032043457,0.3101874589920044,-0.060647234320640564,0.48047009110450745,0.34509140253067017,-0.001614237786270678,0.4829641878604889,0.31171169877052307,-0.025596346706151962,0.4921671748161316,0.37108495831489563,-0.03146528825163841,0.4916614592075348,0.3757036030292511,-0.032434750348329544,0.5131449699401855,0.3341042101383209,0.006624822039157152,0.5146444439888,0.30478954315185547,-0.01978306844830513,0.5186939239501953,0.3797355592250824,-0.017780741676688194,0.5138942003250122,0.3682192265987396,-0.008646069094538689,0.5467186570167542,0.33164358139038086,0.0065177069045603275,0.5497204661369324,0.3024139106273651,-0.022340690717101097,0.5491775870323181,0.3683508336544037,-0.00872037373483181,0.5463322401046753,0.3650016784667969,0.008064133115112782,0.5795349478721619,0.3330327272415161,0.0026559310499578714,0.580212414264679,0.3077996075153351,-0.012614794075489044,0.5760425925254822,0.35401174426078796,-0.0037259673699736595,0.5746236443519592,0.3591863811016083,0.00742008350789547
A,0.5539615154266357,0.5044964551925659,-4.0734670392339467e-07,0.5093060731887817,0.4899739623069763,-0.03684766963124275,0.4660159945487976,0.42973437905311584,-0.04947192594408989,0.4431943893432617,0.3633137345314026,-0.05892667546868324,0.4415532946586609,0.31080061197280884,-0.06045864149928093,0.4794847071170807,0.3458922207355499,-0.0022970042191445827,0.4830283224582672,0.31236177682876587,-0.025945868343114853,0.49226292967796326,0.37106120586395264,-0.03121430054306984,0.49084439873695374,0.37609806656837463,-0.03175300359725952,0.5120999813079834,0.3352508842945099,0.006078019272536039,0.5149937272071838,0.30555617809295654,-0.020312801003456116,0.5189173221588135,0.3801358938217163,-0.01848304085433483,0.5126935243606567,0.36906394362449646,-0.009499270468950272,0.5459238886833191,0.3328108787536621,0.0062526217661798,0.5499666929244995,0.3035479784011841,-0.022716904059052467,0.5494329929351807,0.3692849576473236,-0.009381365031003952,0.5452781319618225,0.3664416968822479,0.007210716605186462,0.5787133574485779,0.3341276943683624,0.002736898371949792,0.5802013278007507,0.30863118171691895,-0.01273911539465189,0.5764367580413818,0.3548695743083954,-0.0039650085382163525,0.5743680000305176,0.360348105430603,0.007119141519069672
A,0.5542755126953125,0.5052960515022278,-4.089579590527137e-07,0.509578287601471,0.4913833737373352,-0.036697763949632645,0.4663444757461548,0.43067240715026855,-0.049232497811317444,0.4435427188873291,0.36401885747909546,-0.058597955852746964,0.44172224402427673,0.31149163842201233,-0.05998086556792259,0.4797138571739197,0.3469095826148987,-0.0023597979452461004,0.4831417500972748,0.31236645579338074,-0.026074329391121864,0.49241071939468384,0.37125006318092346,-0.03140338137745857,0.4911040663719177,0.3768496513366699,-0.03190908581018448,0.512387752532959,0.336117684841156,0.006035350263118744,0.5148719549179077,0.3056271970272064,-0.020158477127552032,0.5188453793525696,0.37975966930389404,-0.01829889416694641,0.5127395987510681,0.3685620129108429,-0.009332838468253613,0.5462373495101929,0.3336399495601654,0.006259744521230459,0.5499085187911987,0.3036218583583832,-0.022411823272705078,0.5493274927139282,0.36909082531929016,-0.009098733775317669,0.5452510118484497,0.36607348918914795,0.00740220258012414,0.5790237784385681,0.3348276615142822,0.0028032411355525255,0.5801782011985779,0.3088909685611725,-0.012457513250410557,0.5761997699737549,0.35491684079170227,-0.0037125253584235907,0.5740765333175659,0.360442191362381,0.007306556683033705
A,0.5550491809844971,0.5043941736221313,-4.0365972608924494e-07,0.5099296569824219,0.4903748035430908,-0.03713158518075943,0.4661598205566406,0.43046659231185913,-0.050092536956071854,0.4427395462989807,0.36385640501976013,-0.05989209562540054,0.4412294030189514,0.3108855187892914,-0.06178128346800804,0.47937917709350586,0.3460167348384857,-0.0022021636832505465,0.4827349781990051,0.3125314712524414,-0.026096614077687263,0.49176254868507385,0.3712555170059204,-0.03162399306893349,0.49059152603149414,0.3757670223712921,-0.03226355463266373,0.5122883319854736,0.3354288935661316,0.006474908906966448,0.5146080851554871,0.3057617247104645,-0.01977858878672123,0.5186595916748047,0.3802343010902405,-0.01772249862551689,0.512971043586731,0.36850008368492126,-0.008562402799725533,0.5461635589599609,0.33305370807647705,0.006849993951618671,0.5497221350669861,0.3034510612487793,-0.02194206602871418,0.5489985346794128,0.36928072571754456,-0.008646110072731972,0.5451780557632446,0.365849107503891,0.007919724099338055,0.5790419578552246,0.3342713713645935,0.0035186943132430315,0.579897403717041,0.30795300006866455,-0.011661459691822529,0.575688362121582,0.35429173707962036,-0.002936013275757432,0.5736678838729858,0.35999348759651184,0.008068577386438847
A,0.5542963743209839,0.5042537450790405,-4.0885583985073026e-07,0.5093191266059875,0.49023377895355225,-0.03680665045976639,0.4659841060638428,0.4307815134525299,-0.04963506758213043,0.44310659170150757,0.36388370394706726,-0.059378597885370255,0.44124484062194824,0.3110543191432953,-0.06121743097901344,0.47981345653533936,0.3478145897388458,-0.0023893779143691063,0.482975035905838,0.3126276135444641,-0.026099756360054016,0.49205437302589417,0.3716374635696411,-0.031277257949113846,0.4910573661327362,0.37766531109809875,-0.03168932721018791,0.5126096606254578,0.336996465921402,0.005926211830228567,0.5148546695709229,0.30606091022491455,-0.020329516381025314,0.5186129808425903,0.3806460201740265,-0.01824064366519451,0.5127493143081665,0.36982065439224243,-0.009106946177780628,0.5461181998252869,0.3343088626861572,0.00600853469222784,0.5500057339668274,0.30352097749710083,-0.022879954427480698,0.5490697026252747,0.36933982372283936,-0.009465356357395649,0.5449179410934448,0.3667517304420471,0.007152731064707041,0.5787785649299622,0.33533456921577454,0.002393344882875681,0.5800828337669373,0.3090488910675049,-0.013095053844153881,0.5757754445075989,0.3550136387348175,-0.004442258737981319,0.5733411312103271,0.3608376979827881,0.006522254552692175
A,0.5548558235168457,0.505184531211853,-3.98963919678863e-07,0.5098660588264465,0.4909899830818176,-0.037685319781303406,0.4660824239253998,0.43090498447418213,-0.0506589375436306,0.4426199793815613,0.3646732270717621,-0.06034858152270317,0.4409569501876831,0.31169643998146057,-0.06203078851103783,0.4796735942363739,0.3469998836517334,-0.0022552614100277424,0.48226845264434814,0.3130127191543579,-0.026412518694996834,0.49159809947013855,0.3720476031303406,-0.03224233165383339,0.4907168447971344,0.37698444724082947,-0.033076848834753036,0.5124359726905823,0.33593639731407166,0.006667211186140776,0.5141568183898926,0.30597925186157227,-0.020062165334820747,0.518330991268158,0.3802272379398346,-0.018322106450796127,0.513212263584137,0.3688204884529114,-0.009236049838364124,0.5462380051612854,0.33343392610549927,0.007180527318269014,0.5495142340660095,0.30446192622184753,-0.021960463374853134,0.5488731861114502,0.3698556125164032,-0.00883547030389309,0.5456044673919678,0.3662450909614563,0.007778724189847708,0.5791181921958923,0.3342934250831604,0.003909509629011154,0.5798866748809814,0.3097163736820221,-0.011374469846487045,0.5756291151046753,0.3553025722503662,-0.002887195674702525,0.5740083456039429,0.3599494695663452,0.00798978190869093
A,0.5540130138397217,0.5061637163162231,-4.0578342463959416e-07,0.5093982219696045,0.49092918634414673,-0.03657928481698036,0.4660305380821228,0.4312047064304352,-0.04939814656972885,0.4427727460861206,0.36476415395736694,-0.059267617762088776,0.4410533905029297,0.31157174706459045,-0.06126207113265991,0.4800078868865967,0.34823116660118103,-0.001172926858998835,0.4826248586177826,0.3131300210952759,-0.025766275823116302,0.4913901686668396,0.37163281440734863,-0.03187898173928261,0.490958571434021,0.37815216183662415,-0.032699596136808395,0.512567400932312,0.33719056844711304,0.006914307363331318,0.5144914388656616,0.3067658841609955,-0.01987369731068611,0.5183926820755005,0.3804343342781067,-0.018089625984430313,0.5136736631393433,0.37048086524009705,-0.008945964276790619,0.5461095571517944,0.3345865309238434,0.006565629038959742,0.5496904850006104,0.30542460083961487,-0.022720929235219955,0.5491403937339783,0.3702959716320038,-0.009466275572776794,0.5461696982383728,0.36767908930778503,0.0073059191927313805,0.5790390372276306,0.33576732873916626,0.002507827477529645,0.5797809362411499,0.31035101413726807,-0.012767868116497993,0.5757305026054382,0.35615718364715576,-0.003918399568647146,0.5742771029472351,0.3617245554924011,0.007273820228874683
A,0.5542989373207092,0.505463719367981,-4.1092184233093576e-07,0.509216845035553,0.4923892617225647,-0.03717067837715149,0.4656814932823181,0.4320239722728729,-0.05010621249675751,0.4428326487541199,0.3650241494178772,-0.05982949957251549,0.44112205505371094,0.3120749890804291,-0.0615682415664196,0.4795609414577484,0.34677883982658386,-0.0028857288416475058,0.48182767629623413,0.3133895993232727,-0.027578648179769516,0.49105438590049744,0.372351735830307,-0.033640678972005844,0.4908284544944763,0.37808409333229065,-0.03444433957338333,0.5126112699508667,0.3364623785018921,0.005444659385830164,0.5142008662223816,0.30722343921661377,-0.021385185420513153,0.5181745290756226,0.3821968138217926,-0.019298190250992775,0.5134364366531372,0.3710011839866638,-0.009900318458676338,0.5464605689048767,0.33430349826812744,0.005401932634413242,0.5495085716247559,0.3055744469165802,-0.02408495731651783,0.5485062599182129,0.37135541439056396,-0.010542092844843864,0.545562744140625,0.3675561249256134,0.0064869225025177,0.5796117782592773,0.33567067980766296,0.0016194060444831848,0.5799059867858887,0.3110516369342804,-0.013989045284688473,0.5754566192626953,0.3568889796733856,-0.005092040169984102,0.5741191506385803,0.36144372820854187,0.006267213262617588
A,0.5533461570739746,0.5078683495521545,-4.0507089238417393e-07,0.5080780386924744,0.4937708079814911,-0.0369425043463707,0.46470674872398376,0.43397951126098633,-0.05000126361846924,0.4416795074939728,0.3674168586730957,-0.05994095280766487,0.44003456830978394,0.31395235657691956,-0.06197553873062134,0.47897809743881226,0.3494769334793091,-0.0032034378964453936,0.4796367585659027,0.3149614632129669,-0.027465468272566795,0.4900525212287903,0.3738071918487549,-0.033171605318784714,0.49101728200912476,0.3805067241191864,-0.03380727767944336,0.5120609402656555,0.3383450508117676,0.005227127578109503,0.5132341384887695,0.30890950560569763,-0.021013880148530006,0.5179781913757324,0.38268181681632996,-0.018963545560836792,0.5136157870292664,0.3717186152935028,-0.009893055073916912,0.5463637709617615,0.3358168601989746,0.0054336609318852425,0.5490541458129883,0.3063602149486542,-0.023614604026079178,0.5485060214996338,0.3713177740573883,-0.010244408622384071,0.5456495881080627,0.36788225173950195,0.006444253958761692,0.5797790288925171,0.33697232604026794,0.0019486271776258945,0.5800443291664124,0.3114888370037079,-0.013581085950136185,0.5753551721572876,0.3571801781654358,-0.004825555253773928,0.5735827684402466,0.36238259077072144,0.006321694236248732
A,0.551874577999115,0.49428611993789673,-4.4810599320044275e-07,0.5040274262428284,0.4838162660598755,-0.03334163501858711,0.45809122920036316,0.4297925531864166,-0.045748621225357056,0.43154922127723694,0.36812713742256165,-0.05574309080839157,0.4255331754684448,0.31338825821876526,-0.05980593338608742,0.4727841913700104,0.34526491165161133,-0.00578624801710248,0.4697883427143097,0.3009131848812103,-0.03597720339894295,0.4821522533893585,0.3587116301059723,-0.050126079469919205,0.4892003536224365,0.3913961350917816,-0.054489701986312866,0.5067465305328369,0.3324183225631714,1.178889306174824e-05,0.5047153234481812,0.29135066270828247,-0.03393733873963356,0.5126672387123108,0.3656963109970093,-0.04236004501581192,0.5117645263671875,0.39170709252357483,-0.03878064081072807,0.5398982763290405,0.3279556632041931,-0.001081861206330359,0.5409106016159058,0.28997278213500977,-0.03798407316207886,0.542149007320404,0.36199504137039185,-0.031733568757772446,0.5386233925819397,0.389864981174469,-0.016430502757430077,0.573388934135437,0.3300420045852661,-0.004519502632319927,0.5707467198371887,0.2967832386493683,-0.02701788954436779,0.5689006447792053,0.34816253185272217,-0.019948208704590797,0.5638782382011414,0.37315505743026733,-0.0075361719354987144
A,0.5507003664970398,0.48897480964660645,-4.5211487531560124e-07,0.5025890469551086,0.4805915355682373,-0.03238292038440704,0.4559236466884613,0.4269215762615204,-0.044446513056755066,0.4289920926094055,0.36614304780960083,-0.05412796139717102,0.422598272562027,0.3119997978210449,-0.057990994304418564,0.46967506408691406,0.3431333005428314,-0.006586392875760794,0.46690303087234497,0.29884105920791626,-0.03619175776839256,0.47964540123939514,0.35567423701286316,-0.04992811381816864,0.48668038845062256,0.38904961943626404,-0.05409251153469086,0.5035889744758606,0.3304583728313446,-0.001170061994343996,0.5015671253204346,0.28944408893585205,-0.03443700075149536,0.5104631185531616,0.36291471123695374,-0.04259125888347626,0.5099074840545654,0.39018452167510986,-0.03901556134223938,0.5367458462715149,0.32605940103530884,-0.002367754001170397,0.5374348163604736,0.28832104802131653,-0.038475628942251205,0.5396630764007568,0.3596721291542053,-0.03214070573449135,0.5363016128540039,0.3882808983325958,-0.01705111749470234,0.5703290104866028,0.3280811905860901,-0.005812815390527248,0.5674630403518677,0.29488396644592285,-0.02807951718568802,0.5661014914512634,0.3456675708293915,-0.02110171504318714,0.5608087778091431,0.3711220920085907,-0.008901511318981647
A,0.5499210953712463,0.48963454365730286,-4.5135067239243654e-07,0.5018982887268066,0.4802529215812683,-0.03315850719809532,0.45565658807754517,0.42633095383644104,-0.04546158388257027,0.4289122521877289,0.36566659808158875,-0.055248089134693146,0.4227263927459717,0.31172001361846924,-0.05905589088797569,0.46998757123947144,0.3422650992870331,-0.006918386090546846,0.46740448474884033,0.29854869842529297,-0.03711846098303795,0.47974470257759094,0.3559360206127167,-0.05114710330963135,0.4864453077316284,0.3891338109970093,-0.05546826124191284,0.5039061307907104,0.32966023683547974,-0.0012374753132462502,0.5020819902420044,0.28870826959609985,-0.03555307909846306,0.5103140473365784,0.3625490367412567,-0.04424218088388443,0.5093648433685303,0.38950279355049133,-0.04088236391544342,0.5370917916297913,0.3254651427268982,-0.0022554313763976097,0.5381390452384949,0.2876446545124054,-0.039183616638183594,0.5396687388420105,0.3593512177467346,-0.03302033245563507,0.5360041856765747,0.3879982829093933,-0.01785093918442726,0.5706349015235901,0.3276539444923401,-0.005593296606093645,0.5681666135787964,0.29459184408187866,-0.028295936062932014,0.5662278532981873,0.34541329741477966,-0.021501485258340836,0.5605335235595703,0.37088850140571594,-0.009325222112238407
A,0.5488286018371582,0.48985421657562256,-4.522034373621864e-07,0.5013235211372375,0.4795077443122864,-0.03254319354891777,0.4553063213825226,0.425603985786438,-0.044594623148441315,0.42859646677970886,0.3653656542301178,-0.054367512464523315,0.4228275716304779,0.31135979294776917,-0.058226678520441055,0.4701478183269501,0.34140604734420776,-0.005152552854269743,0.4674394726753235,0.2982849180698395,-0.03503914549946785,0.4797496795654297,0.3558347821235657,-0.049232251942157745,0.4866974949836731,0.388717919588089,-0.053761012852191925,0.5039961338043213,0.32864874601364136,0.0002430430322419852,0.5016902685165405,0.2884818911552429,-0.03354344516992569,0.5097891688346863,0.36231303215026855,-0.04217873513698578,0.5091004371643066,0.3888953924179077,-0.03886304423213005,0.5371721386909485,0.32464340329170227,-0.0011569041525945067,0.5378950834274292,0.2875174880027771,-0.03758968040347099,0.5391845703125,0.3588774800300598,-0.031518206000328064,0.5355746746063232,0.38683801889419556,-0.016536878421902657,0.5707700252532959,0.32721832394599915,-0.004871143959462643,0.5680081844329834,0.2945908010005951,-0.02710130251944065,0.565887987613678,0.34514179825782776,-0.02030947245657444,0.5604809522628784,0.36984819173812866,-0.008264430798590183
A,0.5498915314674377,0.488961398601532,-4.5402700266095053e-07,0.5022445917129517,0.48013946413993835,-0.03268396481871605,0.45585203170776367,0.42609500885009766,-0.04472652077674866,0.42869332432746887,0.36510834097862244,-0.05431359261274338,0.4228798747062683,0.3111172914505005,-0.057887155562639236,0.46989044547080994,0.3429153859615326,-0.006588335148990154,0.46679744124412537,0.29781433939933777,-0.03628915920853615,0.4795827865600586,0.3555038273334503,-0.04956911504268646,0.48644283413887024,0.3879052698612213,-0.05341419205069542,0.5036094188690186,0.33015185594558716,-0.0010323388269171119,0.5014684200286865,0.28845351934432983,-0.034278467297554016,0.5101191997528076,0.36268287897109985,-0.04176602140069008,0.5090111494064331,0.3881484270095825,-0.0376780666410923,0.5366597771644592,0.3257825970649719,-0.0022212581243366003,0.5375608801841736,0.2873385548591614,-0.03841499239206314,0.5394852757453918,0.35934850573539734,-0.031528081744909286,0.5356763005256653,0.38627704977989197,-0.016062479466199875,0.5702187418937683,0.3280006945133209,-0.005708006210625172,0.567568302154541,0.2944459021091461,-0.027812859043478966,0.5660355091094971,0.3454616367816925,-0.020597241818904877,0.5607126355171204,0.3697226941585541,-0.008269294165074825
A,0.5491845607757568,0.4893783628940582,-4.538601956483035e-07,0.5019017457962036,0.4802953004837036,-0.033612385392189026,0.45556673407554626,0.4261704087257385,-0.04624686390161514,0.42862045764923096,0.3649483323097229,-0.056231457740068436,0.42317789793014526,0.31052166223526,-0.060222078114748,0.4698261022567749,0.34169355034828186,-0.0073837339878082275,0.4673387408256531,0.29720062017440796,-0.037677962332963943,0.4794749319553375,0.3550303280353546,-0.05162481963634491,0.48592355847358704,0.3877120614051819,-0.05586233362555504,0.5036363005638123,0.32924386858940125,-0.0015259933425113559,0.5020560026168823,0.28816089034080505,-0.035439763218164444,0.5101409554481506,0.3623259365558624,-0.04353120177984238,0.5089258551597595,0.38834184408187866,-0.03973686695098877,0.5367172956466675,0.3249718248844147,-0.0024961689487099648,0.5379604697227478,0.2876070439815521,-0.039156846702098846,0.5395822525024414,0.3595718443393707,-0.03270326182246208,0.5358854532241821,0.38697880506515503,-0.017401063814759254,0.5703036189079285,0.32700636982917786,-0.0058420635759830475,0.5677986741065979,0.29447898268699646,-0.028198087587952614,0.5661635398864746,0.34563741087913513,-0.02119889110326767,0.5608394145965576,0.3702664375305176,-0.008941655047237873
A,0.5497248768806458,0.48876067996025085,-4.56560400152739e-07,0.5021483302116394,0.48040837049484253,-0.03342878818511963,0.45586252212524414,0.42653459310531616,-0.04597337171435356,0.4289671778678894,0.3651358485221863,-0.05591810867190361,0.42328816652297974,0.3108658790588379,-0.05978088453412056,0.4697352349758148,0.34245264530181885,-0.007218406070023775,0.46735668182373047,0.2978267967700958,-0.03757449984550476,0.47953134775161743,0.35621345043182373,-0.05114106088876724,0.4857058525085449,0.38844817876815796,-0.05510522052645683,0.5034876465797424,0.33001676201820374,-0.0013879492180421948,0.5014687776565552,0.2891872525215149,-0.03522274270653725,0.5100430250167847,0.36382055282592773,-0.04267410561442375,0.5089821219444275,0.3883896470069885,-0.03854502737522125,0.5364471673965454,0.3257290720939636,-0.0024487709160894156,0.5374587774276733,0.2878879904747009,-0.03922564908862114,0.5392817258834839,0.3603144884109497,-0.03217128664255142,0.5356098413467407,0.3867287337779999,-0.016556810587644577,0.569884717464447,0.3276026248931885,-0.005885746795684099,0.5674352049827576,0.2948767840862274,-0.02824339270591736,0.5658621788024902,0.3464682102203369,-0.02103939652442932,0.5605167150497437,0.3705615997314453,-0.008734040893614292
A,0.5494205355644226,0.4882875680923462,-4.556038959435682e-07,0.5015314817428589,0.4792700409889221,-0.03290487453341484,0.45542335510253906,0.4257608950138092,-0.04530657082796097,0.4288185238838196,0.3649009168148041,-0.05514845997095108,0.4232124090194702,0.31107088923454285,-0.05906672030687332,0.46981191635131836,0.34193721413612366,-0.007456720340996981,0.46754682064056396,0.29726606607437134,-0.03755497932434082,0.47942179441452026,0.3551021218299866,-0.05143548175692558,0.4856383800506592,0.38778939843177795,-0.05571301281452179,0.5038259625434875,0.3297313451766968,-0.0019040360348299146,0.5019350647926331,0.28807657957077026,-0.03572486713528633,0.5097435116767883,0.3621571362018585,-0.04385825991630554,0.5084081888198853,0.3885478973388672,-0.040211573243141174,0.5368995070457458,0.3255680799484253,-0.003014829708263278,0.5379909873008728,0.28736600279808044,-0.03952481970191002,0.5392842888832092,0.35942962765693665,-0.032953329384326935,0.5354578495025635,0.3875065743923187,-0.017657209187746048,0.570414662361145,0.32773464918136597,-0.006429573055356741,0.5678835511207581,0.2948674261569977,-0.0288426261395216,0.5660097002983093,0.3462148606777191,-0.021809248253703117,0.5605034232139587,0.3715081214904785,-0.009560052305459976
A,0.5491068363189697,0.48888200521469116,-4.612616066879127e-07,0.5017438530921936,0.48040035367012024,-0.03316020965576172,0.45563897490501404,0.4258374869823456,-0.04535004869103432,0.42886173725128174,0.36449509859085083,-0.054929450154304504,0.4232487380504608,0.3106383979320526,-0.05846210569143295,0.4699399471282959,0.3416255712509155,-0.007266412489116192,0.46759897470474243,0.29696062207221985,-0.037110406905412674,0.4796156883239746,0.35572928190231323,-0.0504600964486599,0.48577430844306946,0.38756972551345825,-0.05440778657793999,0.5037683248519897,0.32927289605140686,-0.0015696220798417926,0.5018054842948914,0.28775230050086975,-0.03500854969024658,0.5098597407341003,0.36271801590919495,-0.042408768087625504,0.5087910890579224,0.387678861618042,-0.038253042846918106,0.5368049740791321,0.32513749599456787,-0.00265888893045485,0.5379096865653992,0.28687918186187744,-0.03900725767016411,0.5394087433815002,0.3594687879085541,-0.03194967657327652,0.5358750820159912,0.38624662160873413,-0.016365190967917442,0.5703715085983276,0.32731035351753235,-0.0061006671749055386,0.5679118037223816,0.29400166869163513,-0.02828127332031727,0.5660659074783325,0.3457086384296417,-0.021003711968660355,0.5607959628105164,0.3703114092350006,-0.008630515076220036
A,0.5487963557243347,0.49027490615844727,-4.4683230271402863e-07,0.5010372996330261,0.48068615794181824,-0.03309077024459839,0.45455417037010193,0.4272571802139282,-0.04546221345663071,0.42716744542121887,0.366794615983963,-0.05549261346459389,0.42079076170921326,0.3124406337738037,-0.05953055992722511,0.469194233417511,0.3436368405818939,-0.00609469274058938,0.46613091230392456,0.29829785227775574,-0.036823056638240814,0.4789138734340668,0.3562207520008087,-0.051048316061496735,0.48582738637924194,0.38913533091545105,-0.05537872388958931,0.5029920339584351,0.33041897416114807,-0.0004760043229907751,0.5008267164230347,0.2887771725654602,-0.03523563966155052,0.509574294090271,0.36350157856941223,-0.04378138855099678,0.5085058808326721,0.3893062174320221,-0.040159471333026886,0.5360568165779114,0.3255534768104553,-0.0017333582509309053,0.5370200276374817,0.2872559726238251,-0.03928676247596741,0.5388039946556091,0.3600383698940277,-0.03288664668798447,0.5347028374671936,0.38762366771698,-0.017375612631440163,0.5692983269691467,0.3271442949771881,-0.005294375121593475,0.5669562816619873,0.2943803071975708,-0.02803572081029415,0.5654271245002747,0.3461533784866333,-0.020948735997080803,0.5597764849662781,0.3706285357475281,-0.008545730262994766
A,0.5494762063026428,0.4893196225166321,-4.5469306542145205e-07,0.5014783143997192,0.481367826461792,-0.033147118985652924,0.4546203911304474,0.4277600347995758,-0.04550648853182793,0.4273037910461426,0.36642390489578247,-0.055248383432626724,0.421286404132843,0.3122236728668213,-0.0588955357670784,0.46838507056236267,0.34434032440185547,-0.007895341143012047,0.46590545773506165,0.29861047863960266,-0.037930384278297424,0.4784916937351227,0.35662370920181274,-0.05116690322756767,0.48496562242507935,0.38876205682754517,-0.05497950315475464,0.5024765729904175,0.3318074941635132,-0.002179181668907404,0.5004505515098572,0.2894350588321686,-0.03593137115240097,0.5091119408607483,0.3638927936553955,-0.043370310217142105,0.5079227089881897,0.3890300393104553,-0.039311524480581284,0.5355753898620605,0.32720106840133667,-0.0031748947221785784,0.5366959571838379,0.2885987162590027,-0.039567939937114716,0.5386406779289246,0.36053505539894104,-0.032357919961214066,0.5346679091453552,0.3871367275714874,-0.01677457056939602,0.5690549612045288,0.3287252187728882,-0.00650731660425663,0.5668249130249023,0.294595867395401,-0.028404705226421356,0.5655601024627686,0.345601350069046,-0.020908543840050697,0.5600987672805786,0.3696739077568054,-0.00852430984377861
A,0.5494948029518127,0.48929914832115173,-4.473979231534031e-07,0.5015732049942017,0.48063844442367554,-0.033676810562610626,0.45476555824279785,0.4274616837501526,-0.04636514186859131,0.42771115899086,0.3671358823776245,-0.05637829750776291,0.4214760959148407,0.31303852796554565,-0.06039642542600632,0.46810078620910645,0.34277966618537903,-0.007846660912036896,0.46612095832824707,0.2989712953567505,-0.03843836486339569,0.4786067306995392,0.35650351643562317,-0.05263197794556618,0.4852502644062042,0.3900066614151001,-0.05696511268615723,0.5023747086524963,0.3301428258419037,-0.002023309702053666,0.5008261203765869,0.2890051603317261,-0.03669232502579689,0.5094770193099976,0.36293718218803406,-0.04538574814796448,0.5084984302520752,0.39019715785980225,-0.04193997383117676,0.5357792973518372,0.3256452679634094,-0.0029213649686425924,0.5369521379470825,0.2879045903682709,-0.039975427091121674,0.5390249490737915,0.35958632826805115,-0.03354603052139282,0.5352285504341125,0.3879994750022888,-0.018196528777480125,0.5692552328109741,0.3275742530822754,-0.006179974880069494,0.5669264793395996,0.2942877411842346,-0.028746290132403374,0.5657183527946472,0.34532344341278076,-0.021614622324705124,0.5603097081184387,0.37038639187812805,-0.009223807603120804
A,0.5498935580253601,0.490113228559494,-4.499078727349115e-07,0.5017306208610535,0.4816690981388092,-0.03370335325598717,0.4548702538013458,0.42781078815460205,-0.04616590589284897,0.4276975095272064,0.36705687642097473,-0.05593683198094368,0.42150312662124634,0.31305354833602905,-0.059638284146785736,0.46873602271080017,0.34344056248664856,-0.007666479796171188,0.46669310331344604,0.29910439252853394,-0.03825097158551216,0.47896265983581543,0.35686928033828735,-0.052286166697740555,0.4855360984802246,0.3897501826286316,-0.05652759224176407,0.5028961896896362,0.33090224862098694,-0.0017717406153678894,0.501283586025238,0.28924161195755005,-0.03633728623390198,0.5098355412483215,0.363240510225296,-0.044670842587947845,0.5090073943138123,0.38956788182258606,-0.04098200798034668,0.5362005233764648,0.32635176181793213,-0.0026698948349803686,0.5372111201286316,0.2881747782230377,-0.039663512259721756,0.5393220782279968,0.3597751557826996,-0.03295116126537323,0.5359141230583191,0.38746777176856995,-0.01742812618613243,0.569770336151123,0.3280586302280426,-0.0059691923670470715,0.5672922730445862,0.2946012318134308,-0.028464993461966515,0.5660474896430969,0.3453942537307739,-0.021306758746504784,0.5609316825866699,0.3699997663497925,-0.008914981968700886
A,0.5510547161102295,0.4939141273498535,-4.797253154720238e-07,0.5040078163146973,0.4854179620742798,-0.03219282254576683,0.4591030180454254,0.42936941981315613,-0.044215306639671326,0.43442708253860474,0.3665546774864197,-0.053722456097602844,0.44057992100715637,0.31410130858421326,-0.05695777386426926,0.4752863645553589,0.3478441834449768,-0.006860452238470316,0.47444695234298706,0.3060287535190582,-0.03749699890613556,0.48313772678375244,0.3653172254562378,-0.050650350749492645,0.4863227605819702,0.3942071199417114,-0.05454825609922409,0.5075218677520752,0.33594417572021484,-0.001371403457596898,0.5059929490089417,0.2972758114337921,-0.03501911088824272,0.5119286775588989,0.3721346855163574,-0.04104815050959587,0.5096815228462219,0.3939812481403351,-0.03610312193632126,0.5402073860168457,0.33176711201667786,-0.00274825026281178,0.5413793921470642,0.2949548065662384,-0.039036404341459274,0.5415383577346802,0.3682600259780884,-0.030452672392129898,0.5375233888626099,0.3938482701778412,-0.013963362202048302,0.5738328695297241,0.33401769399642944,-0.006533035542815924,0.5715745687484741,0.3015684485435486,-0.028374815359711647,0.5690825581550598,0.3535704016685486,-0.020706385374069214,0.5634458065032959,0.3772123157978058,-0.008192797191441059
A,0.5512171387672424,0.4946035146713257,-4.807952791452408e-07,0.5045855045318604,0.48754188418388367,-0.03299464285373688,0.4594959616661072,0.4313725531101227,-0.04527248814702034,0.434673011302948,0.3689879775047302,-0.05491203814744949,0.44099414348602295,0.3166849911212921,-0.05831191688776016,0.47439441084861755,0.3482224941253662,-0.006985676009207964,0.47423046827316284,0.30841952562332153,-0.03781767934560776,0.4829440712928772,0.3682527244091034,-0.05118268355727196,0.4862551689147949,0.3952594995498657,-0.05538791045546532,0.5069530010223389,0.33629581332206726,-0.0013595258351415396,0.5054649114608765,0.29869985580444336,-0.035075727850198746,0.5115053057670593,0.3749396502971649,-0.040476683527231216,0.5099263787269592,0.39550432562828064,-0.03489656746387482,0.5400400757789612,0.33239737153053284,-0.0028517944738268852,0.5414634346961975,0.2975267767906189,-0.039473969489336014,0.5414330363273621,0.3718823492527008,-0.030519556254148483,0.5377163290977478,0.3959486186504364,-0.013626586645841599,0.5740561485290527,0.3351452052593231,-0.006851777900010347,0.5717626214027405,0.3040992319583893,-0.02868484891951084,0.5689979791641235,0.3566407561302185,-0.020781738683581352,0.5636112689971924,0.37918809056282043,-0.008079773746430874
